Tweet_Text,Sentiment
ChatGPT is amazing for brainstorming new project ideas!,Positive
I am worried about AI replacing creative jobs in the future.,Negative
Just read an article about the latest update in OpenAI's GPT model.,Neutral
Generative AI is the most revolutionary tech of this decade.,Positive
The responses from this AI bot are often very slow today.,Negative
Exploring how AI can be used in the legal sector.,Neutral
I love how AI can generate beautiful digital art in seconds.,Positive
AI hallucinations are a major concern for factual reporting.,Negative
Many tech companies are now integrating AI into their products.,Neutral
This new AI-powered coding tool is so intuitive and fast!,Positive
I feel AI is making us more lazy and dependent on machines.,Negative
Following the live debate on AI ethics and regulations.,Neutral
AI-driven translation tools are making global travel so easy.,Positive
The cost of running large language models is too high for startups.,Negative
Researching the impact of AI on primary school education.,Neutral
My productivity has doubled since I started using AI assistants.,Positive
I received a very biased and incorrect answer from the chatbot.,Negative
Watching a documentary on the history of neural networks.,Neutral
Personalized AI tutoring is the future of learning for kids.,Positive
"There is too much hype around AI, most of it is just marketing.",Negative
Analyzing the stock market trends related to AI hardware companies.,Neutral
AI voice assistants have become an essential part of my home.,Positive
Deepfakes are becoming a huge threat to online security and trust.,Negative
Studying the difference between supervised and unsupervised learning.,Neutral
Automated medical diagnosis using AI will save millions of lives.,Positive
The lack of transparency in AI algorithms is a serious issue.,Negative
News: A new data center for AI is being built in the city.,Neutral
AI is helping scientists discover new materials for batteries.,Positive
I am scared that AI might be used for mass surveillance.,Negative
Comparing different open-source AI models available on GitHub.,Neutral
ChatGPT's ability to write poetry is quite impressive.,Positive
It is frustrating when AI fails to understand simple context.,Negative
Attending a webinar on responsible AI development practices.,Neutral
AI-based weather forecasting is getting more accurate every day.,Positive
"I lost my access to the AI tool, and now I feel stuck.",Negative
Checking the system requirements for running a local AI model.,Neutral
Smart filters in emails are doing a great job at stopping spam.,Positive
"Some people use AI to generate fake reviews, which is wrong.",Negative
Reading a paper on natural language processing techniques.,Neutral
The new AI feature in Photoshop is a game changer for editors.,Positive
Data privacy is often compromised when we use free AI tools.,Negative
Just setting up my environment for a new AI project.,Neutral
I am excited to see how AI will transform the gaming industry.,Positive
The AI model keeps repeating the same wrong information.,Negative
Discussion: Can AI ever have real human-like emotions?,Neutral
AI is making fraud detection in banking much more efficient.,Positive
It is creepy how AI knows exactly what I want to buy.,Negative
Looking for a dataset to train my first sentiment classifier.,Neutral
Using AI to summarize long research papers saves so much time.,Positive
Many AI tools are becoming too expensive for common users.,Negative
A new AI startup just raised $10 million in funding.,Neutral
AI-powered music composition is actually sounding very good.,Positive
I hate it when websites use bad chatbots for customer support.,Negative
Trying to understand the math behind backpropagation in AI.,Neutral
Search engines are much better now thanks to AI integration.,Positive
AI-generated content is flooding the internet with low quality.,Negative
Noted: The next AI conference is happening in Mumbai.,Neutral
My AI smart watch helps me maintain a very healthy routine.,Positive
Hackers are using AI to create more sophisticated phishing emails.,Negative
Evaluating the performance of different AI hardware chips.,Neutral
AI is revolutionizing agriculture with precision farming.,Positive
Most AI startups will fail once the initial hype dies down.,Negative
"Today I learned about the ""Black Box"" problem in AI.",Neutral
Video editing with AI is now accessible to everyone.,Positive
AI is being used to create harmful misinformation online.,Negative
Taking a break from coding my AI model to grab some coffee.,Neutral
Virtual AI assistants are getting much better at natural talk.,Positive
The energy consumption of AI training is bad for the planet.,Negative
Comparing the pricing of different AI cloud service providers.,Neutral
AI is helping archaeologists find hidden historical sites.,Positive
I am annoyed by the constant notifications from AI apps.,Negative
Listening to a podcast about the future of AI in space.,Neutral
Real-time AI transcription is a blessing for journalists.,Positive
I don't trust AI to make important decisions about my life.,Negative
Just updated my AI software to the latest version.,Neutral
AI is doing a great job at detecting early signs of cancer.,Positive
The user interface of this AI tool is very confusing and ugly.,Negative
Wondering if AI will ever be able to think for itself.,Neutral
Using AI to clean up old photos is a very satisfying process.,Positive
Many students are using AI to cheat on their final exams.,Negative
Reviewing the documentation for a new sentiment analysis API.,Neutral
AI-driven traffic management is reducing jams in the city.,Positive
I feel overwhelmed by the number of new AI tools every week.,Negative
Fact-checking a claim made by an AI bot yesterday.,Neutral
AI is helping us design more energy-efficient buildings.,Positive
"The AI generated a very offensive image, this is not okay.",Negative
Looking for open-source alternatives to popular AI tools.,Neutral
I am very impressed by how AI can debug complex code.,Positive
It is sad that AI is being used to create fake news articles.,Negative
Checking the roadmap for the next major AI model release.,Neutral
AI is making space exploration safer and more efficient.,Positive
The chatbot keeps giving me generic and unhelpful advice.,Negative
Testing the response time of my local AI server.,Neutral
I love the new AI-powered recommendations on my feed.,Positive
AI might lead to a significant increase in social inequality.,Negative
Writing a blog post about the benefits of AI for small business.,Neutral
AI is helping me learn a new language 50% faster.,Positive
The AI model is biased against certain groups of people.,Negative
Organizing my files for the upcoming AI assignment.,Neutral
Finally finished my 100th tweet for the sentiment analysis!,Positive